TDSFU Daily run: Mon Oct 27 04:15:41 UTC 2025 TDSFU
TDSFU Daily run: Mon Oct 27 04:42:18 UTC 2025 TDSFU
TDSFU Daily run: Tue Oct 28 04:34:15 UTC 2025 TDSFU
TDSFU Daily run: Wed Oct 29 04:38:59 UTC 2025 TDSFU
TDSFU Daily run: Thu Oct 30 04:33:52 UTC 2025 TDSFU
TDSFU Daily run: Fri Oct 31 04:36:12 UTC 2025 TDSFU
TDSFU Daily run: Sat Nov  1 04:31:54 UTC 2025 TDSFU
TDSFU Daily run: Sun Nov  2 04:34:32 UTC 2025 TDSFU
TDSFU Daily run: Mon Nov  3 04:40:21 UTC 2025 TDSFU
TDSFU Daily run: Tue Nov  4 04:34:21 UTC 2025 TDSFU
TDSFU Daily run: Wed Nov  5 04:34:46 UTC 2025 TDSFU
TDSFU Daily run: Thu Nov  6 04:39:29 UTC 2025 TDSFU
TDSFU Daily run: Fri Nov  7 04:34:34 UTC 2025 TDSFU
